seed,split,inside,d_cm,h_area_cm,h_sky_cm,h_peak_cm,h_photo_cm
1,train,159,5.07,16.15,19.95,21.55,21.3
2,train,110,5.08,10.55,14.21,15.92,18.18
3,train,182,5.1,18.75,22.78,23.92,13.83
4,train,158,5.09,16.23,19.86,21.21,14.44
5,val,86,5.05,8.14,11.86,12.77,17.51
6,train,191,5.09,20.13,24.1,25.58,20.48
7,train,226,5.05,23.99,28.03,29.4,13.11
8,train,200,5.05,20.82,24.66,26.45,22.17
9,train,104,5.1,9.96,13.6,14.72,22.31
10,val,110,5.08,10.59,14.22,15.63,22.42
11,train,104,5.08,10.0,13.23,14.7,21.94
12,train,133,5.15,13.26,17.1,18.21,18.91
13,train,134,5.11,13.07,17.1,17.94,16.77
14,train,110,5.08,10.52,14.27,15.55,18.63
15,val,146,5.07,14.93,18.69,19.82,19.28
16,train,160,5.08,16.27,19.96,21.9,16.62
17,train,230,5.09,24.25,28.47,29.88,18.06
18,train,192,5.28,20.07,24.13,25.56,18.51
19,train,163,5.13,16.82,20.53,21.69,20.58
20,val,124,5.16,12.14,16.0,16.94,21.94
21,train,155,5.11,15.96,19.79,20.79,17.72
22,train,208,5.14,21.42,25.3,26.83,22.13
23,train,96,5.07,9.12,12.68,13.46,17.58
24,train,111,5.08,10.79,14.13,15.81,22.54
25,val,122,5.01,11.94,15.65,17.36,17.99
26,train,90,5.07,8.41,12.24,13.11,21.38
27,train,140,5.03,14.12,17.94,19.36,17.48
28,train,183,5.05,19.05,22.8,23.92,15.22
29,train,224,5.1,23.66,27.44,28.83,15.24
30,val,109,5.12,10.48,14.35,15.94,19.95
31,train,120,5.06,11.89,15.72,17.08,17.48
32,train,169,5.12,17.46,21.26,22.53,20.57
33,train,224,5.05,23.25,27.36,28.66,13.39
34,train,219,5.11,22.67,26.74,28.11,13.63
35,val,213,5.08,22.28,26.32,27.51,20.86
36,train,218,5.11,22.7,26.65,27.82,17.95
37,train,173,5.13,17.74,21.91,23.26,14.79
38,train,232,5.11,24.57,28.53,29.53,22.04
39,train,93,5.05,8.79,12.42,13.57,17.03
40,val,197,5.05,20.62,24.27,25.7,11.88
41,train,157,5.08,16.05,19.68,20.89,17.34
42,train,88,5.06,8.32,12.26,13.19,17.89
43,train,235,5.08,24.54,28.3,29.74,22.49
44,train,165,5.09,16.63,20.72,21.69,19.15
45,val,95,5.08,9.1,12.65,13.47,20.97
46,train,199,5.14,20.37,24.52,25.75,20.31
47,train,158,5.13,16.15,20.17,21.31,20.6
48,train,99,5.07,9.17,12.71,13.61,17.46
49,train,173,5.14,17.7,21.38,22.64,20.46
50,val,178,5.14,18.34,21.99,23.13,22.6
51,train,215,5.1,22.65,26.34,27.68,15.4
52,train,103,5.07,9.76,13.26,14.69,21.68
53,train,224,5.13,23.47,27.69,28.9,16.74
54,train,200,5.07,21.02,24.68,26.08,17.2
55,val,107,5.1,10.26,13.86,15.32,22.55
56,train,171,5.09,17.57,21.65,22.52,12.33
57,train,104,5.06,9.79,13.2,14.84,19.02
58,train,101,5.07,9.26,12.93,13.83,18.56
59,train,165,5.08,16.79,20.55,21.8,22.33
60,val,225,5.03,23.64,27.66,28.9,14.32
61,train,222,5.11,23.14,26.9,27.78,15.48
62,train,235,5.08,24.84,28.62,29.7,21.43
63,train,148,5.1,15.14,19.02,20.13,22.5
64,train,106,5.03,10.17,13.81,14.99,22.46
65,val,156,5.11,15.98,19.77,20.96,17.71
66,train,153,5.17,15.61,19.86,21.01,20.41
67,train,225,5.13,23.58,27.57,28.51,20.87
68,train,97,5.08,9.25,12.85,14.26,19.86
69,train,189,5.15,19.68,23.49,24.53,22.6
70,val,124,5.04,12.42,16.19,17.47,22.54
71,train,227,5.15,23.93,27.82,28.87,10.68
72,train,164,5.12,16.69,20.4,22.32,21.91
73,train,124,5.08,12.29,16.1,17.22,22.57
74,train,103,5.07,9.7,13.16,14.7,19.94
75,val,126,5.08,12.41,16.09,17.35,21.88
76,train,121,5.11,11.9,15.85,17.0,20.09
77,train,93,5.03,8.59,12.4,13.57,22.55
78,train,108,5.07,10.29,14.2,15.67,18.12
79,train,183,5.14,18.89,22.45,23.55,12.52
80,val,147,5.05,14.94,18.89,20.18,20.14
