seed,split,inside,d_cm,h_area_cm,h_read_cm
1001,train,91,5.53,10.94,12.21
1002,train,190,5.48,25.57,27.71
1003,train,155,5.53,20.46,21.81
1004,train,79,5.57,9.67,9.98
1005,val,102,5.42,12.71,13.25
1006,train,94,5.5,11.33,11.92
1007,train,192,5.5,25.93,26.0
1008,train,157,5.45,20.63,21.27
1009,train,125,5.49,16.09,16.73
1010,val,150,5.48,19.83,21.65
1011,train,74,5.53,8.77,10.89
1012,train,113,5.47,14.4,15.72
1013,train,76,5.5,8.95,10.38
1014,train,83,5.46,10.04,12.22
1015,val,95,5.48,11.87,12.57
1016,train,185,5.53,24.7,25.56
1017,train,158,5.49,21.33,22.52
1018,train,71,5.5,8.61,9.72
1019,train,71,5.57,8.56,8.97
1020,val,150,5.51,19.35,20.73
1021,train,177,5.41,23.62,23.81
1022,train,141,5.53,18.48,19.14
1023,train,68,5.5,7.94,9.43
1024,train,121,5.49,15.55,17.22
1025,val,69,5.47,7.95,8.88
1026,train,90,5.45,10.81,11.36
1027,train,168,5.54,22.34,24.14
1028,train,188,5.5,25.26,26.53
1029,train,176,5.59,23.36,24.57
1030,val,158,5.5,21.0,22.05
1031,train,182,5.56,24.47,26.06
1032,train,89,5.53,11.01,12.18
1033,train,159,5.47,21.12,22.29
1034,train,78,5.54,9.39,10.76
1035,val,134,5.48,17.21,18.87
1036,train,119,5.48,15.03,16.8
1037,train,164,5.48,21.95,22.38
1038,train,75,5.5,9.15,9.82
1039,train,190,5.54,25.8,27.08
1040,val,76,5.49,9.03,10.67
1045,val,116,5.48,14.79,15.28
1050,val,178,5.47,23.95,24.55
1055,val,144,5.6,18.95,20.98
1060,val,133,5.5,17.43,18.31
1065,val,155,5.49,20.41,21.66
1070,val,71,5.47,8.39,9.47
1075,val,112,5.5,14.3,15.91
1080,val,80,5.53,9.84,11.13
1085,val,74,5.53,8.78,9.77
1090,val,158,5.53,21.12,23.03
1095,val,78,5.5,9.37,12.14
1100,val,92,5.59,10.88,12.78
1105,val,127,5.6,16.37,17.32
1110,val,103,5.52,12.9,12.89
1115,val,96,5.5,11.77,13.14
1120,val,156,5.61,20.72,22.44
1125,val,102,5.48,12.82,14.48
1130,val,93,5.51,11.29,12.35
1135,val,166,5.54,22.04,24.23
1140,val,175,5.6,23.22,24.36
1145,val,182,5.48,24.25,26.16
1150,val,158,5.57,21.28,22.85
1155,val,172,5.48,22.91,24.29
1160,val,180,5.45,24.01,23.76
1165,val,175,5.48,23.1,23.91
1170,val,117,5.52,14.89,16.66
1175,val,139,5.52,17.99,20.65
1180,val,142,5.57,18.61,19.77
1185,val,71,5.57,8.3,9.68
1190,val,188,5.52,25.4,26.56
1195,val,149,5.52,19.48,20.96
1200,val,183,5.48,24.67,26.03
1205,val,82,5.54,9.78,13.12
1210,val,181,5.53,23.91,24.66
1215,val,122,5.46,15.94,16.75
1220,val,181,5.54,24.53,26.35
1225,val,117,5.5,14.59,16.56
1230,val,102,5.5,12.76,14.38
1235,val,139,5.67,18.24,19.52
1240,val,131,5.5,16.96,17.98
1245,val,75,5.48,9.04,11.01
1250,val,78,5.57,9.32,10.94
1255,val,187,5.64,25.08,24.98
1260,val,182,5.59,24.26,24.56
1265,val,153,5.5,20.45,21.38
1270,val,166,5.55,22.18,24.63
1275,val,85,5.5,10.27,11.77
1280,val,80,5.48,9.71,11.24
1285,val,68,5.5,7.76,20.85
1290,val,189,5.54,25.41,26.87
1295,val,85,5.53,10.21,15.19
1300,val,118,5.5,15.07,15.45
1305,val,85,5.5,10.52,11.19
1310,val,189,5.49,25.42,26.35
1315,val,121,5.47,15.61,20.39
1320,val,129,5.51,16.64,18.79
1325,val,125,5.64,15.94,18.75
1330,val,88,5.47,10.8,11.96
1335,val,188,5.5,25.2,24.8
1340,val,72,5.5,8.48,10.05
1345,val,91,5.53,11.33,16.18
1350,val,155,5.53,20.54,21.99
1355,val,139,5.59,18.11,18.93
1360,val,90,5.57,10.73,11.79
1365,val,175,5.52,23.42,24.27
1370,val,160,5.54,21.29,23.07
1375,val,166,5.38,21.85,24.02
1380,val,168,5.54,22.12,22.7
1385,val,124,5.52,15.87,16.93
1390,val,76,5.48,9.29,24.28
1395,val,78,5.47,9.52,10.7
1400,val,92,5.5,11.06,13.36
1405,val,164,5.53,21.99,23.17
1410,val,102,5.47,12.6,13.15
1415,val,176,5.51,23.19,23.75
1420,val,103,5.52,12.84,14.26
1425,val,116,5.52,14.78,16.35
1430,val,151,5.46,19.71,20.86
1435,val,114,5.51,14.38,16.56
1440,val,105,5.5,13.26,14.12
1445,val,91,5.53,11.13,22.25
1450,val,134,5.5,17.51,18.11
1455,val,155,5.54,20.45,21.08
1460,val,181,5.53,24.34,25.79
1465,val,149,5.54,19.53,20.54
1470,val,158,5.6,21.05,22.04
1475,val,137,5.57,17.94,19.85
1480,val,189,5.53,25.29,24.65
1485,val,108,5.46,13.82,16.08
1490,val,89,5.44,10.91,13.01
1495,val,140,5.48,18.34,19.97
1500,val,123,5.46,15.59,18.75
1505,val,182,5.6,24.61,26.0
1510,val,113,5.54,14.16,16.82
1515,val,111,5.46,13.93,14.88
1520,val,86,5.5,10.53,11.8
1525,val,69,5.51,7.98,9.02
1530,val,100,5.5,12.24,15.18
1535,val,97,5.47,12.12,12.06
1540,val,81,5.45,9.77,13.78
1545,val,101,5.5,12.22,13.96
1550,val,190,5.47,25.16,25.42
1555,val,170,5.53,22.49,23.06
1560,val,180,5.55,23.98,24.59
1565,val,95,5.58,11.61,12.77
1570,val,135,5.59,17.58,19.97
1575,val,128,5.46,16.48,18.04
1580,val,134,5.47,17.6,19.4
1585,val,75,5.52,8.95,10.43
1590,val,79,5.53,9.7,11.82
1595,val,163,5.48,21.85,22.25
1600,val,89,5.5,10.7,23.5
1605,val,92,5.49,11.19,11.79
1610,val,109,5.49,13.66,14.96
1615,val,168,5.53,22.52,24.49
1620,val,90,5.46,11.12,13.16
1625,val,119,5.46,15.11,16.57
1630,val,78,5.53,9.48,11.54
1635,val,73,5.47,8.68,9.21
1640,val,172,5.53,23.09,23.48
1645,val,154,5.52,20.35,21.1
1650,val,132,5.47,17.02,18.43
1655,val,168,5.5,22.71,23.0
1660,val,163,5.52,21.79,23.48
1665,val,70,5.52,8.25,13.33
1670,val,93,5.5,11.37,11.51
1675,val,76,5.48,9.16,10.76
1680,val,105,5.43,13.46,14.2
1685,val,165,5.57,21.68,22.42
1690,val,100,5.48,12.0,13.3
1695,val,179,5.49,24.08,25.71
1700,val,121,5.46,15.44,16.85
1705,val,79,5.55,9.39,11.67
1710,val,153,5.5,20.4,21.2
1715,val,84,5.53,10.26,10.23
1720,val,86,5.53,10.3,11.9
1725,val,175,5.59,23.09,24.08
1730,val,116,5.51,14.56,17.43
1735,val,70,5.52,8.19,8.81
1740,val,163,5.59,21.62,22.56
1745,val,180,5.56,23.77,25.39
1750,val,79,5.55,9.57,12.6
1755,val,117,5.48,14.71,16.29
1760,val,92,5.45,11.28,12.06
1765,val,132,5.51,17.2,18.45
1770,val,117,5.42,14.92,17.19
1775,val,87,5.53,10.7,11.95
1780,val,106,5.53,13.38,14.98
1785,val,143,5.56,18.58,20.0
1790,val,119,5.49,15.28,16.4
1795,val,148,5.58,19.31,20.22
1800,val,97,5.44,12.06,13.57
1805,val,113,5.45,14.42,15.31
1810,val,80,5.5,9.86,13.04
1815,val,136,5.53,17.8,19.23
1820,val,147,5.48,19.46,21.13
1825,val,191,5.49,25.81,25.69
1830,val,99,5.5,12.14,13.66
1835,val,167,5.47,21.96,23.03
1840,val,167,5.48,21.82,23.77
1845,val,98,5.46,12.1,12.84
1850,val,121,5.51,15.62,17.27
1855,val,78,5.5,9.5,10.79
1860,val,100,5.47,12.36,13.36
1865,val,105,5.5,13.49,19.87
1870,val,135,5.48,17.48,17.84
1875,val,148,5.56,19.45,20.48
1880,val,100,5.47,12.34,13.56
1885,val,106,5.55,13.27,15.87
1890,val,97,5.49,11.94,13.49
1895,val,123,5.58,15.6,18.75
1900,val,157,5.5,20.75,22.43
1905,val,167,5.48,22.15,23.16
1910,val,161,5.57,21.53,22.62
1915,val,123,5.46,15.79,17.31
1920,val,175,5.49,23.36,23.77
1925,val,84,5.55,10.04,11.78
1930,val,69,5.5,8.28,8.68
1935,val,129,5.42,16.71,18.43
1940,val,101,5.46,12.5,12.93
1945,val,124,5.59,15.68,16.3
1950,val,122,5.44,15.66,16.95
1955,val,109,5.48,13.56,14.61
1960,val,88,5.49,10.57,11.46
1965,val,158,5.53,20.93,22.54
1970,val,96,5.5,11.74,12.88
1975,val,136,5.5,17.85,18.1
1980,val,177,5.58,23.89,25.51
1985,val,167,5.53,22.07,22.88
1990,val,70,5.5,8.19,9.6
1995,val,175,5.56,23.3,24.97
2000,val,93,5.45,11.04,13.28
2005,val,114,5.5,14.32,16.59
2010,val,145,5.48,19.08,20.31
2015,val,126,5.5,16.33,17.59
2020,val,109,5.53,13.43,16.35
2025,val,150,5.53,19.78,23.75
2030,val,109,5.48,13.69,15.08
2035,val,187,5.52,25.15,24.91
2040,val,81,5.57,9.56,10.05
2045,val,185,5.51,24.93,25.94
2050,val,72,5.53,8.27,8.4
2055,val,71,5.55,8.54,10.46
2060,val,81,5.55,9.75,12.22
2065,val,131,5.63,17.04,19.02
2070,val,156,5.51,20.58,21.62
2075,val,118,5.5,15.08,16.65
2080,val,82,5.49,10.0,11.44
2085,val,107,5.48,13.38,15.17
2090,val,125,5.5,15.98,20.14
2095,val,192,5.49,25.54,26.85
2100,val,166,5.51,22.0,23.72
2105,val,98,5.48,12.07,12.6
2110,val,119,5.51,15.14,16.41
2115,val,93,5.49,11.28,12.49
2120,val,112,5.48,14.31,15.46
2125,val,114,5.5,14.3,16.49
2130,val,85,5.49,10.33,11.68
2135,val,191,5.58,26.15,27.44
2140,val,112,5.55,14.15,15.86
2145,val,73,5.54,8.88,10.24
2150,val,149,5.53,19.86,21.56
2155,val,132,5.5,17.04,20.39
2160,val,145,5.5,19.02,20.66
2165,val,155,5.54,20.57,21.5
2170,val,158,5.58,20.91,20.99
2175,val,170,5.55,22.81,23.52
2180,val,170,5.5,22.63,24.07
2185,val,170,5.57,22.58,23.01
2190,val,116,5.53,14.67,15.97
2195,val,180,5.58,23.88,24.89
2200,val,121,5.46,15.54,17.38
2205,val,77,5.5,8.89,13.67
2210,val,167,5.51,22.34,23.22
2215,val,104,5.46,12.97,14.83
2220,val,70,5.48,8.12,12.19
2225,val,67,5.46,7.73,14.4
2230,val,120,5.5,15.26,17.08
2235,val,139,5.5,17.87,21.75
2240,val,70,5.53,8.3,17.37
2245,val,166,5.48,22.02,23.3
2250,val,175,5.55,23.32,23.46
2255,val,175,5.46,23.09,23.07
2260,val,184,5.48,24.64,26.15
2265,val,157,5.52,20.83,22.74
2270,val,114,5.51,14.43,15.52
2275,val,98,5.51,12.21,13.85
2280,val,113,5.53,14.2,14.7
