count,order,inside,visible,d_cm,h_area_cm,h_sky_cm,h_peak_cm,phi_area,estimate,rel
48,0,48,47,5.08,4.09,7.19,9.49,0.734,48,0.0012
48,1,48,46,5.08,4.14,7.1,9.56,0.724,49,0.0127
48,2,48,47,5.08,4.21,7.38,9.64,0.712,49,0.0265
48,3,48,45,5.1,4.01,7.52,9.47,0.749,47,-0.0265
48,4,48,48,5.08,4.1,7.81,9.62,0.733,48,0.0034
48,5,48,45,5.1,4.17,7.5,9.36,0.719,48,0.0062
48,6,48,44,5.09,4.18,7.19,9.6,0.717,49,0.0144
48,7,48,47,5.08,4.17,7.57,9.19,0.72,49,0.0179
48,8,48,48,5.08,4.16,7.24,8.83,0.72,49,0.0174
48,9,48,46,5.09,4.13,7.58,9.55,0.727,48,0.0035
72,0,72,41,5.08,6.34,9.6,11.35,0.709,70,-0.0274
72,1,72,42,5.1,6.23,9.18,9.91,0.721,68,-0.0568
72,2,72,45,5.12,6.43,9.63,10.93,0.699,69,-0.0375
72,3,72,47,5.16,6.3,9.22,10.84,0.712,67,-0.0739
72,4,72,41,5.11,6.29,9.06,9.76,0.713,68,-0.05
72,5,72,43,5.12,6.47,9.65,11.54,0.694,70,-0.0297
72,6,72,43,5.08,6.41,9.29,10.84,0.7,71,-0.0168
72,7,72,45,5.08,6.43,9.71,11.56,0.699,71,-0.0148
72,8,72,44,5.08,6.42,9.31,10.86,0.7,71,-0.016
72,9,72,44,5.11,6.42,9.59,10.79,0.699,70,-0.0308
86,0,86,47,5.05,7.94,11.95,12.99,0.676,87,0.0122
86,1,86,48,4.97,7.96,11.5,13.22,0.674,91,0.0604
86,2,86,48,5.07,7.96,11.61,13.14,0.674,86,0.0
86,3,86,47,5.08,7.98,11.8,13.06,0.672,86,0.0002
86,4,86,45,5.1,8.14,11.73,12.83,0.659,87,0.006
86,5,86,48,5.05,8.09,11.19,12.73,0.663,88,0.0277
86,6,86,47,5.12,8.14,11.64,13.44,0.659,86,-0.0026
86,7,86,46,5.09,8.1,11.91,13.06,0.662,87,0.0089
86,8,86,47,5.06,8.03,11.64,13.06,0.668,88,0.0184
86,9,86,48,5.1,8.06,12.0,13.18,0.666,86,-0.0019
100,0,100,51,5.03,9.46,13.24,14.12,0.654,103,0.0323
100,1,100,49,5.05,9.32,12.91,13.96,0.664,101,0.0083
100,2,100,48,5.08,9.36,13.16,14.22,0.661,99,-0.0053
100,3,100,53,5.04,9.54,12.85,14.15,0.648,104,0.0357
100,4,100,51,5.09,9.61,13.07,14.15,0.644,101,0.0123
100,5,100,48,5.09,9.36,12.93,14.12,0.66,99,-0.0097
100,6,100,52,5.11,9.45,13.13,14.68,0.655,98,-0.016
100,7,100,53,5.04,9.42,12.91,13.84,0.657,102,0.0237
100,8,100,51,5.11,9.42,12.93,13.84,0.656,98,-0.0166
100,9,100,48,5.05,9.39,13.09,14.08,0.658,102,0.0151
120,0,120,50,5.05,11.77,15.62,17.08,0.637,125,0.0413
120,1,120,49,5.06,11.71,15.74,17.33,0.64,124,0.0321
120,2,120,50,5.07,11.89,16.1,17.21,0.631,125,0.0395
120,3,120,48,5.03,11.72,15.55,16.56,0.64,126,0.0491
120,4,120,49,5.04,11.62,15.66,16.91,0.646,124,0.0358
120,5,120,48,5.1,11.94,15.65,17.1,0.628,123,0.0264
120,6,120,46,5.08,11.72,15.39,16.64,0.64,123,0.0214
120,7,120,46,5.04,12.02,15.57,16.91,0.624,128,0.0687
120,8,120,48,5.15,11.79,15.51,16.65,0.636,118,-0.0159
120,9,120,50,5.04,11.74,15.4,16.44,0.639,125,0.043
140,0,140,48,5.15,14.0,17.74,18.96,0.625,139,-0.0065
140,1,140,48,5.1,14.16,17.97,19.54,0.618,144,0.0293
140,2,140,50,5.09,14.11,17.6,18.99,0.62,144,0.0315
140,3,140,49,5.09,14.28,17.71,19.24,0.613,146,0.0429
140,4,140,49,5.04,14.09,17.95,19.77,0.621,149,0.064
140,5,140,47,5.14,14.11,17.66,18.82,0.62,141,0.0042
140,6,140,48,5.14,13.83,17.51,18.62,0.633,138,-0.0123
140,7,140,50,5.11,14.06,17.98,19.15,0.622,143,0.0208
140,8,140,50,5.09,13.88,17.52,18.47,0.63,142,0.0162
140,9,140,48,5.11,14.0,17.83,19.23,0.625,142,0.0137
159,0,159,48,5.15,16.11,20.22,21.18,0.62,158,-0.0043
159,1,159,46,5.1,16.23,20.09,21.58,0.616,164,0.0336
159,2,159,50,5.05,16.49,20.41,21.78,0.606,172,0.0814
159,3,159,48,5.12,16.34,20.33,21.58,0.612,164,0.0299
159,4,159,49,5.11,16.27,20.39,21.5,0.614,163,0.028
159,5,159,50,5.07,16.43,20.3,21.56,0.608,169,0.0645
159,6,159,46,5.18,16.18,20.27,21.88,0.618,157,-0.0145
159,7,159,48,5.17,16.39,20.01,21.33,0.61,159,0.0028
159,8,159,51,5.08,16.37,20.17,21.11,0.61,168,0.0535
159,9,159,48,5.12,16.32,20.36,22.05,0.612,163,0.0257
180,0,180,47,5.11,18.36,22.55,23.96,0.615,183,0.0181
180,1,180,45,5.13,18.54,22.42,23.72,0.609,184,0.0212
180,2,180,45,5.15,18.53,22.56,23.6,0.609,181,0.0055
180,3,180,48,5.08,18.53,22.77,23.66,0.609,189,0.0473
180,4,180,48,5.14,18.58,22.41,23.51,0.607,182,0.0134
180,5,180,49,5.06,18.64,22.55,23.91,0.606,192,0.0651
180,6,180,49,5.08,18.71,22.54,24.23,0.603,190,0.0571
180,7,180,52,5.09,18.48,22.36,23.71,0.61,187,0.0415
180,8,180,51,5.1,18.64,22.4,23.37,0.605,187,0.0415
180,9,180,52,4.99,18.96,22.92,24.01,0.595,203,0.1283
200,0,200,51,5.08,20.65,24.59,25.53,0.606,209,0.0454
200,1,200,49,5.05,20.76,24.63,25.38,0.603,214,0.0723
200,2,200,47,5.08,20.85,24.65,25.76,0.6,212,0.0576
200,3,200,49,5.14,21.07,24.75,26.73,0.594,206,0.0295
200,4,200,49,5.05,20.76,24.66,25.62,0.603,214,0.0706
200,5,200,47,5.16,20.83,24.73,25.89,0.601,201,0.0057
200,6,200,48,5.16,21.02,25.08,26.17,0.595,203,0.0146
200,7,200,49,5.06,20.83,24.94,26.85,0.601,214,0.0684
200,8,200,49,5.04,20.73,24.65,26.26,0.604,215,0.0764
200,9,200,50,5.08,20.84,24.82,26.35,0.601,211,0.0558
220,0,220,49,5.05,23.04,26.83,27.87,0.596,237,0.0786
220,1,220,50,5.06,23.02,27.16,28.51,0.597,236,0.0712
220,2,220,48,5.0,22.86,26.73,27.96,0.601,242,0.1015
220,3,220,48,5.07,23.21,27.08,28.13,0.592,236,0.0735
220,4,220,48,5.02,23.18,27.13,28.57,0.592,242,0.0999
220,5,220,48,5.1,23.1,26.96,28.24,0.594,230,0.0465
220,6,220,50,5.03,22.97,27.03,28.15,0.598,239,0.0856
220,7,220,51,5.08,23.04,27.02,28.29,0.596,233,0.0587
220,8,220,47,5.12,22.87,26.69,28.16,0.6,226,0.0283
220,9,220,49,5.1,23.13,27.09,28.5,0.593,231,0.0519
240,0,240,47,5.1,25.3,29.03,30.15,0.594,252,0.0512
240,1,240,51,5.07,25.4,29.23,30.16,0.591,257,0.0708
240,2,240,47,5.11,25.54,29.49,30.81,0.588,252,0.0499
240,3,240,49,5.11,24.89,28.94,30.38,0.603,246,0.0241
240,4,240,47,5.11,25.32,29.11,30.49,0.593,250,0.041
240,5,240,49,5.14,25.36,29.51,30.73,0.592,246,0.0259
240,6,240,47,5.06,25.38,29.54,31.11,0.592,259,0.0774
240,7,240,49,5.11,25.21,29.22,30.12,0.596,249,0.0369
240,8,240,46,5.13,25.48,29.21,30.75,0.589,249,0.0388
240,9,240,49,4.97,25.37,29.1,30.07,0.592,273,0.1376
