inside,visible,layers_true,d_cm,h_sky_cm,h_area_cm,h_peak_cm,phi_area,book_raw,book_layers,book_residual,book_refuse,book_estimate,book_rel,hcp_raw,hcp_layers,hcp_residual,hcp_refuse,hcp_estimate,hcp_rel,area_layers_raw,area_layers_est,area_layers_rel,vol_area,vol_area_rel,vol_sky,vol_sky_rel,h_fill_cm,vol_fill,vol_fill_rel
48,47,1.021,5.08,7.19,4.09,9.49,0.734,1.436,1,0.436,1,47,-0.0208,1.51,2,0.49,1,94,0.9583,0.76,47,-0.0208,40,-0.1707,70,0.4604,4.94,48,0.0058
72,41,1.756,5.08,9.6,6.34,11.35,0.709,1.989,2,0.011,0,82,0.1389,2.09,2,0.09,0,82,0.1389,1.303,41,-0.4306,62,-0.142,94,0.2997,7.19,70,-0.0239
86,47,1.83,5.05,11.95,7.94,12.99,0.676,2.53,3,0.47,1,141,0.6395,2.673,3,0.327,1,141,0.6395,1.701,94,0.093,79,-0.0849,118,0.3773,8.78,87,0.016
100,51,1.961,5.03,13.24,9.46,14.12,0.654,2.828,3,0.172,0,153,0.53,2.999,3,0.001,0,153,0.53,2.078,102,0.02,95,-0.0518,133,0.3271,10.3,103,0.0342
120,50,2.4,5.05,15.62,11.77,17.08,0.637,3.375,3,0.375,1,150,0.25,3.564,4,0.436,1,200,0.6667,2.63,150,0.25,117,-0.0282,155,0.2898,12.61,125,0.0447
140,48,2.917,5.15,17.74,14.0,18.96,0.625,3.862,4,0.138,0,192,0.3714,3.997,4,0.003,0,192,0.3714,3.106,144,0.0286,131,-0.0639,166,0.1866,14.86,139,-0.0069
159,48,3.312,5.15,20.22,16.11,21.18,0.62,4.433,4,0.433,1,192,0.2075,4.581,5,0.419,1,240,0.5094,3.605,192,0.2075,150,-0.0547,189,0.1861,16.97,158,-0.0063
180,47,3.83,5.11,22.55,18.36,23.96,0.615,4.97,5,0.03,0,235,0.3056,5.175,5,0.175,0,235,0.3056,4.171,188,0.0444,175,-0.0271,215,0.1951,19.21,183,0.0173
200,51,3.922,5.08,24.59,20.65,25.53,0.606,5.438,5,0.438,1,255,0.275,5.701,6,0.299,1,306,0.53,4.751,255,0.275,201,0.0042,239,0.1959,21.5,209,0.0462
220,49,4.49,5.05,26.83,23.04,27.87,0.596,5.953,6,0.047,0,294,0.3364,6.287,6,0.287,1,294,0.3364,5.367,245,0.1136,229,0.0406,267,0.2117,23.88,237,0.0789
240,47,5.106,5.1,29.03,25.3,30.15,0.594,6.46,6,0.46,1,282,0.175,6.752,7,0.248,0,329,0.3708,5.856,282,0.175,244,0.017,280,0.167,26.15,252,0.0508
